SpecificBeanOrigin,Rating
Chuao,5.0
Toscano Black,5.0
Pablino,4.0
Chuao,4.0
Chanchamayo Province,4.0
Morobe,4.0
Guayas,4.0
Porcelana,4.0
Nine,4.0
Madagascar,4.0
Toscano Black,4.0
"Monte Alegre, 3 diff. plantations",4.0
"Coto Brus, Terciopelo",4.0
Phantom,4.0
Chuno,4.0
Haiti,4.0
Maranon Canyon,4.0
Rio Peripa H.,4.0
"Bali, Sukrama Bros. Farm, Melaya, 62hr C",4.0
Ecuador,4.0
Kaori,4.0
Haiti,4.0
"Madagascar, 100% criollo",4.0
"Porcelana, Venezuela",4.0
"Ocumare, Puerto Cabello",4.0
"Maracaibo, El Rosario",4.0
Madagascar,4.0
Chuao,4.0
Chuao,4.0
Papua,4.0
"Porcelana, Tabasco, La Joya",4.0
"Xoconusco, Chiapas",4.0
"Maya Mtn, Batch 454, Heirloom",4.0
Terreiro Velho P.,4.0
Las Acacias E.,4.0
Porcelana,4.0
Ecuador,4.0
"Ocumare 67, Puertofino",4.0
"Rio Dulce, Xoco",4.0
Corona Arriba,4.0
"Alto Beni, Cru Savage",4.0
"Bellavista Coop, #225, LR, MC, CG Exclusive",4.0
"Sambirano Valley, #216, MR, LC",4.0
"Markham Valley, #220, MR, MC",4.0
"Chuao, #217, DR, MC",4.0
"Coto Brus, Heirloom, Batch 1",4.0
ABOCFA Coop,4.0
"Wild Beni, Lower Rio Beni, Tranquilidad, 2015",4.0
"Marcial, single Cote, 2012",4.0
"Porcelana, Zulia",4.0
"Carenero Superior, Urrutia, Barlovento",4.0
Coopertiva Amazona w/ nibs,4.0
"Sur del Lago, Amiari Meridena, Zulia, w/ nibs",4.0
Peru,4.0
Brazil,4.0
Madagascar,4.0
"Somia, 2013",4.0
"Kulili P., 2013",4.0
Los Ancones P.,4.0
Mangaro P.,4.0
Maralumi P.,4.0
Piura,4.0
"Sierra Nevada, Tutu Iku",4.0
Tangara,4.0
Piura,4.0
Madagascar,4.0
Madagascar,4.0
"Piura, Choc. Garage Exclusive",4.0
Cabosse,4.0
"Sambirano, Ambanja, Madagascar",4.0
"Porcelana, Tabasco, Limited Ed.",4.0
"Ocumare, Puerto Cabello, Venezuela",4.0
Claudio Corallo w/ nibs,4.0
Jamaique,4.0
Fortissima,4.0
Sambirano,4.0
"Silvestre, Batch 7, 2013",4.0
Colombian Dark,4.0
San Juan de Cheni,4.0
Asante,4.0
"Porcelana, Sorotaima,Machiques,batch pcl001",4.0
Camino Verde,4.0
"Tien Giang, Black S., batch VIT60420.0",4.0
Porcelana,4.0
Crazy 88,4.0
"Maracaibo, El Vigia",4.0
Equator,4.0
"Bachelor's Hall E., St. Thomas Parish",4.0
"Dual Origins, Sambirano, Elvesia",4.0
"Dancing in Your Head, 5 bean blend",4.0
Peruvian,4.0
"Three Amigos(Chuao, Wild Bolivia, D.R.)",4.0
"Roxborough, Tobago",4.0
"Piura, Illanka, Quemazon",4.0
"Otucan, Grand Cru",4.0
"Porcelana, Pedegral",4.0
Manjari,4.0
Guanaja,4.0
Los Llanos,4.0
Ocumare,4.0
Agua Grande,3.75
Puerto Cabello,3.75
Equateur,3.75
Peru,3.75
"Chulucanas, El Platanal",3.75
"Tumbes, Norandino",3.75
"Bali (west), Sukrama Family, Melaya area",3.75
Dos Rios,3.75
Ocumare,3.75
"Piura, Blanco de Criollo",3.75
Venezuela,3.75
"Monte Alegre, 3 diff. plantations",3.75
"Monte Alegre, 3 diff. plantations",3.75
Kokoa Kamili,3.75
Rugoso,3.75
Elvesia,3.75
"Puerto Quito, heirloom",3.75
Maya Mountain,3.75
"Colombia, Casa Luker",3.75
Jamaica,3.75
Congo,3.75
Mababa,3.75
"Tenende, Uwate",3.75
Cortes,3.75
Davao,3.75
Sambirano,3.75
Brazil,3.75
"Somia Plantation, Sambirano, 70hr C",3.75
2009 Hapa Nibby,3.75
Puerto Plata,3.75
Madagascar,3.75
Surfin,3.75
Libanio,3.75
Trinite,3.75
"O'payo, Waslala",3.75
Conacado,3.75
Maya Mountain,3.75
"Chuao, Aragua region",3.75
Macondo,3.75
Perla Negra,3.75
Arhuacos,3.75
"Criollo, Dominican Republic",3.75
Dominican Republic,3.75
Ecuador,3.75
Kulili Estate,3.75
"Duarte, Batch 360",3.75
Madagascar,3.75
Venezuela,3.75
"Peru, Awagum bar",3.75
Maranon,3.75
Carenero Superior,3.75
Peru,3.75
"Maranon Canyon, Fortunato No. 4",3.75
Terreiro Velho P.,3.75
Ocumare,3.75
Uba Budo,3.75
Chuao 70hr,3.75
"heirloom, Arriba Nacional",3.75
"Zorzal Reserva, 2015 H., Kerchner",3.75
"San Francisco de Macoris, Cibao region",3.75
"Elvesia, 2011",3.75
Los Ujuxtes,3.75
Sambirano,3.75
Venezuela,3.75
Lanquin Estate,3.75
"Alto Beni, Wild Harvest, Limited Ed.",3.75
"O'ahu, N. Shore, Waialua Estate",3.75
Hacienda Victoria,3.75
Ocumare 77,3.75
Guasare,3.75
Ilblend,3.75
"Java, Javablond",3.75
"Rico Rugoso, Xoco",3.75
Ocumare,3.75
"Indio Rojo, Xoco",3.75
"Corazon del Ecuador, Calceta beans",3.75
Star of Peru,3.75
Dominican Republic,3.75
"Alto Beni, Covendo Region",3.75
San Joaquin,3.75
Dominican Republic,3.75
"Kokoa Kamili Coop, Kilombero",3.75
Ocumare,3.75
Canoabo,3.75
"Conacado, #224, MR, MC",3.75
"San Martin, Bellavista Coop, #226, DR, MC",3.75
"Rugoso, Xoco",3.75
"Wild Bolivian, Batch 2",3.75
Gran Couva,3.75
La Red,3.75
"Epique, Blend No. 49",3.75
"Los Rios, Hacienda Limon, Orecao, 2014",3.75
"Maunawili, O'ahu, Agri Research C., 2014",3.75
"Alto Beni, Upper Rio Beni, 2015",3.75
Hispaniola w/ nibs,3.75
Hispaniola,3.75
Amazonas,3.75
"Chuao, Venezuela",3.75
Coopertiva Amazona,3.75
"Sur del Lago, Amiari Meridena, Zulia, 48hr c.",3.75
"Ocumare, H. Cata, 48hr c.",3.75
Vanuatu,3.75
"La Red, Project Reserva, Guaconejo",3.75
"Los Rios, Hacienda Limon, Heirloom",3.75
"Bahia, Fazenda Camboa",3.75
Chuao,3.75
Quito,3.75
Dominican Republic,3.75
Orinoco,3.75
"Lam Dong, Batch 153",3.75
La Selva,3.75
"Haleiwa, O'ahu; Lonohana E., Kanahiku",3.75
"Haleiwa E, O'ahu, 2014",3.75
Madagascar,3.75
Santo Domingo,3.75
Conacado,3.75
Coto Brus,3.75
"Waiahole, O'ahu",3.75
Johe,3.75
Porcelana,3.75
"Dak Lak, Batch 2451",3.75
French Laundry 20th Anniversary,3.75
"La Red de Guanconejo, N. Highlands coop",3.75
Blend,3.75
"Chiapas, Mokaya P.",3.75
Oko Caribe,3.75
"Patanemo, Epoch, Donaldo",3.75
"Fazenda Camboa, Bahia",3.75
Trinidad & Tobago,3.75
"Maranon Canyon, Fortunato No. 4",3.75
Manickchand Estate,3.75
"Ghana, 2013",3.75
La Red,3.75
Pangoa,3.75
"Pangoa, w/ nibs",3.75
Virunga,3.75
"Kakao Kamili, Kilombero Valley",3.75
"Alto Beni, Wild Harvest, Itenez R. 24hr c.",3.75
Montubia,3.75
Lam Dong,3.75
Sambirano,3.75
Gran Couva,3.75
Signature Blend,3.75
"Baracoa, Cuba",3.75
"Los Rios, Puerto Romero, Equateur",3.75
"Oko Caribe, Duarte Province, 2016 H.",3.75
"Cuyagua, 2013",3.75
"Upala, Batch 12",3.75
"Madagascar, Nosy Be Isle.",3.75
Los Rios,3.75
"Camino Verde P., Balao, 2015 harvest, batch8",3.75
"Toledo District, Maya",3.75
"La Masica, Batch 1, FHIA Research Center",3.75
"Caranero, Choc. Garage Exclusive",3.75
Porcelana,3.75
"Bachelor's Hall E., St. Thomas Parish",3.75
"Camino Verde P., Balao, Guayas",3.75
Piura,3.75
Markham Valley,3.75
Amina,3.75
Tome Acu,3.75
Ben Tre,3.75
Cuyagua,3.75
"Esmeraldas, Salazar Farm",3.75
"Somia Plantation, 2012",3.75
"Somia Plantation, 2012",3.75
"Camino Verde P., Balao, Guayas",3.75
"Guasare, La Sierra de Perija, batch gua001",3.75
"Maya Mtn, Moho R., Toledo D.",3.75
Australia,3.75
Kokoa Kamili,3.75
San Juan Estate,3.75
"Chuao, batch 3",3.75
"Abstract S. w/ Jamaica nibs,batch abs60323.0",3.75
"Chuno, San Jose de Bocay, Pantasma R.,B.S.",3.75
Maranon Canyon,3.75
"Espiritu Santo, 'Smoke Monster'",3.75
"Rizek Cacao, Domin. Rep.",3.75
"Sangre Grande P., Trinidad",3.75
Patanemo,3.75
O'ahu,3.75
Carenero Superior,3.75
"Elvesia P., Black Science",3.75
Black Science Blend 1,3.75
Madagascar,3.75
Ocumare,3.75
Dominican Republic,3.75
"Ecuador, lot E432314L",3.75
"Madagascar, lot M0403R",3.75
"Winak, Sumaco",3.75
Baracoa,3.75
"\"Ayacucho, \"\"El Guinacho\"\"\"",3.75
Belize,3.75
Madagascar,3.75
Guatemala,3.75
Madagascar,3.75
Uganda,3.75
"Belize, med roast",3.75
Dominican Republic,3.75
Tainori,3.75
Alpaco,3.75
Chuao 2002 P.,3.75
Dark,3.75
Java,3.75
"Ghana, 2013, batch 129",3.75
Guadalcanal,3.75
"Tranquilidad, Baures",3.75
"Loma Los Pinos, Yacao region, D.R.",3.75
Santo Domingo,3.75
Peru,3.75
Akata,3.5
Quilla,3.5
Cuba,3.5
Sur del Lago,3.5
Chanchamayo Province,3.5
Bolivia,3.5
Vanua Levu,3.5
"Vanua Levu, Ami-Ami-CA",3.5
"Winak Coop, Napo",3.5
"La Dalia, Matagalpa",3.5
Tien Giang,3.5
"Makwale Village, Kyela",3.5
Madagascar,3.5
"Bellavista Gran Pajeten, San Martin",3.5
Peru,3.5
Grenada,3.5
Trinidad,3.5
Toscano Black,3.5
Alto Beni,3.5
San Juan,3.5
Tien Giang,3.5
Lachua,3.5
"La Masica, FHIA",3.5
Fazenda Camboa,3.5
Nacional,3.5
Oko Caribe,3.5
Camino Verde,3.5
Bali,3.5
Papua New Guinea,3.5
"Huallabamba, 2015",3.5
Bahia,3.5
Chiapas,3.5
"Dominican Republic, Batch 3",3.5
Ecuador,3.5
"Kakao Kamili, Kilombero Valley",3.5
"Oko Caribe, Duarte P.",3.5
Belize south,3.5
Baracoa,3.5
Chuao,3.5
Cuyagua Village,3.5
"Indigena Amazonia, Grand Cru, Quizas",3.5
"Java, Grand Cru",3.5
"Ocumare, Premier Cru, Quizas No. 2",3.5
Ghana,3.5
Puerto Plata,3.5
Sambirano,3.5
Bocas del Toro,3.5
"Congo, Grand Cru",3.5
"Akesson's E., Sambirano V.",3.5
Kokoa Kamili,3.5
Guatemala,3.5
Selva Maya,3.5
Maragnam,3.5
Cuba,3.5
"Cusco, Cacao Cusco",3.5
Piura Blanco,3.5
Juliana,3.5
"Guasare, Zulia Prov.",3.5
Ghana,3.5
"Chuao, Mantuano blend",3.5
"Alta Verapaz, 2014",3.5
Marabel Farms,3.5
"Camino Verde, Balao, Guayas",3.5
Mindo,3.5
Grand 'Anse,3.5
Chuao,3.5
"Chuao, Aragua region",3.5
Sierra Nevada,3.5
Tumaco,3.5
"Jutiapa, lot 050916D",3.5
"Mahali, Kasai",3.5
Madagascar,3.5
Venezuela,3.5
Venezuela,3.5
Vietnam,3.5
Amazonia,3.5
Esmeraldas,3.5
"Lago di Como, Blu",3.5
Ecuador,3.5
Esmeraldas,3.5
"Saidor Estate, Madang P.",3.5
"Antigua, Special Reserve",3.5
Anselmo Paraiso Estate,3.5
Huila,3.5
Cesar,3.5
"the lost city, gracias a dias, batch 362",3.5
"Piaroa, Amazonas, Batch 350",3.5
Sierra Nevada,3.5
Arauca,3.5
Conacado,3.5
la Amistad,3.5
Blend No. 1,3.5
"Tawau, Oct. 2015 Harvest",3.5
"Congo, Gorilla bar",3.5
Sambirano,3.5
Ocumare,3.5
"Camino Verde P., Balao, Guayas, 2014",3.5
Camino Verde,3.5
Ghana Puristique,3.5
Madagascar,3.5
Chuao 100hr,3.5
Djual Island,3.5
Los Rios,3.5
Maya Mountain,3.5
"Camino Verde P., Balao, Guayas, 2013",3.5
"Mantuano, 2012",3.5
Papua New Guinea,3.5
Los Ujuxtes,3.5
"Nativo, Varzea",3.5
"Selvagem, Jari",3.5
Costa Rica,3.5
Dominican Republic,3.5
Tien Giang,3.5
Elvesia,3.5
Camino Verde,3.5
Johe,3.5
Morogoro,3.5
"Canoabo, Hacienda San Jose",3.5
Blend No. 1,3.5
Madagascar,3.5
Madagared,3.5
Carenero Superior,3.5
"Chuno, Xoco",3.5
Dominican Republic,3.5
Ocumare,3.5
Panama,3.5
"Maranon, Joya Rara",3.5
"Rio Caribe, Tepui Treasure",3.5
Madagascar,3.5
Peru,3.5
Carenero Superior,3.5
Ecuador,3.5
Grenada,3.5
Arriba,3.5
"Camino Verde P., Balao, Guayas",3.5
Choroni,3.5
Sur del Lago,3.5
Costa Rica,3.5
Peru Brutus,3.5
Ghana,3.5
Madagascar,3.5
"Norandino, batch 161208",3.5
Guatemala,3.5
"Palo Blanco, Chulucanas",3.5
"Palo Blanco, Chulucanas",3.5
"Maranon Canyon, Fortunato No. 4",3.5
La Red,3.5
"Maranon, #227, LR, MC",3.5
"Maranon, #229, MR, LC",3.5
"Maranon, #230, DR, LC",3.5
"Markham Valley, #219, LR, MC",3.5
"Markham Valley, #221, DR, MC",3.5
"Conacado, #212, LR, SC",3.5
"Jamaica, #210, DR, MC",3.5
"Carenero Superior, #203, MR, SC",3.5
"Rugoso, Bad Fermentation",3.5
La Dalia,3.5
"Medagla, Xoco",3.5
"Chuno, Xoco",3.5
"Nicaliso, Xoco",3.5
Conacado Coop,3.5
Conacado Coop,3.5
Akesson P.,3.5
"Toledo District, 2015 Harvest",3.5
Madagascar,3.5
Ecuador,3.5
Complexite,3.5
Ocumare,3.5
Quetzalcoatl,3.5
"Sambirano, Ambanja",3.5
"Los Rios, Quevedo",3.5
Tsaranta,3.5
Trinitario,3.5
"Tome Acu E., Amazon Rainforest",3.5
"Vale do Juliana E., Atlantic Forest",3.5
"Cota Brus, Terciopelo, 2015",3.5
"Alto Beni, Upper Rio Beni, 2014",3.5
"Maunawili, O'ahu, Agri Research C., 2015",3.5
"Los Rios, Hacienda Limon, Orecao, 2015",3.5
"Pinchincha, Mindo, Coop Nueva Esper., 2015",3.5
Venezuela,3.5
Gran Blanco,3.5
Manabi,3.5
"Camino Verde P., Balao, Guayas",3.5
Sambirano,3.5
Gran Couva,3.5
Mara,3.5
San Martin,3.5
Mekong Delta & Dong Nai,3.5
"Los Rios, H. Iara, 2012",3.5
Sambirano,3.5
Lam Dong,3.5
Zorzal Reserva w/ Charles Kerchner,3.5
"Ocumare, H. Cata, w/ nibs",3.5
Madagascar,3.5
"Maya Mountain, Toledo, Batch 29",3.5
Belize,3.5
Madagascar,3.5
"Rizek Cacao, Cibao Valley, Domin. Rep.",3.5
Sisa's Secret/ original micro,3.5
Madagascar,3.5
Loma Sotavento,3.5
Grenada,3.5
"Porcelana, Pariguan",3.5
"Cuana, 2008",3.5
"Sao Tome, Batch 151",3.5
Catongo,3.5
Rugoso,3.5
"La Masica, Batch 7, FHIA",3.5
"San Juan Estate, Gran Couva",3.5
Kokoa Kamili,3.5
Maranura,3.5
Sambirano,3.5
Perfect Illusion,3.5
"Bolivia, Wild Thing",3.5
Wild Thing,3.5
"Hawaiian Crown, Kona Vanilla",3.5
Santander,3.5
Madagascar,3.5
Madagascar,3.5
Guadalcanal,3.5
Brazil,3.5
Kaua'i,3.5
Mora Mora 2006,3.5
"Davao, Mt. Talamo foothills",3.5
"O'ahu, N. Shore, Waialua Estate w/ nibs",3.5
Markham Valley,3.5
Peru,3.5
Kolumbia,3.5
Grand Cru Ghana,3.5
"ROIG, 2014",3.5
"Maranon, 2014",3.5
Ecuador,3.5
"A case of the Xerces Blues, triple roast",3.5
"Tumbes, Dear Mr. Finley, 2014",3.5
Le Chocolat Chaud,3.5
Ben Tre,3.5
"Tan Phu Dong, Treasure Island",3.5
Ba Ria,3.5
Dong Nai,3.5
"Tien Giang, Gao Co-op",3.5
Ben Tre,3.5
Lam Dong,3.5
"Ghana, prototype",3.5
Shake Shack,3.5
Brooklyn Blend,3.5
Moho River,3.5
"Malekula P., 2013",3.5
"Morropon, Norandiono Coop, Piura",3.5
Dominican Republic,3.5
Honduras,3.5
"La Tronca, Matagalpa",3.5
Akesson Estate,3.5
South America,3.5
"Carenero Superior, Concepcion",3.5
Vila Gracinda,3.5
Maya Mountain,3.5
San Juan Estate,3.5
"Matagalpa, Cacao Bisiesto",3.5
Ecuador,3.5
"Acul-du-Nord, 2015",3.5
"Bahia, Fazenda Venturosa",3.5
Oko Caribe,3.5
Manabi,3.5
Manabi,3.5
Nicaragua,3.5
Nicaragua,3.5
Criollo Blend,3.5
Ghana,3.5
Ecuador,3.5
"Sambirano Valley, 2012",3.5
Fazenda Leolinda,3.5
Sang Yum Coop,3.5
"PNG, Nib Bar",3.5
"Sylvestre, Oialla",3.5
Madagascar,3.5
Cumbia,3.5
Nube- prototype,3.5
Raw,3.5
Kokoa Kamili,3.5
Duo- Gran Couva & Camino Verde,3.5
South America,3.5
"Lachua, Q'egchi families",3.5
Oko Caribe,3.5
Madagascar,3.5
"Rio Caribe, Paria Penninsula",3.5
Fleur de Cacao,3.5
"\"Camino Verde P., Balao, Guayas, \"\"Floral\"\"\"",3.5
Upala w/ nibs,3.5
Bahia,3.5
Chuao,3.5
"Monte Alegre, Diego Badero",3.5
Tanzania,3.5
Sao Tome & Principe,3.5
Trinidad,3.5
"Java, Indonesie",3.5
"Barlovento, Venezuela",3.5
Colombie,3.5
"Djakarta, Java and Ghana",3.5
"Chocoan Rainforest, Teroro Escondido, ESM",3.5
"Crayfish Bay Estate, 2014",3.5
"Akesson's, batch 4411",3.5
Brazil,3.5
La Red,3.5
"Tumbes, Batch 2",3.5
El Oro,3.5
"Camino Verde P., Balao, Guayas, 2014",3.5
"Mid Mountain, 2014",3.5
Gran Couva,3.5
Costa Rica,3.5
"Gru Grococo, St. Andrews",3.5
"Akessons Estate, Sambirano, 2013",3.5
"Hispaniola, 2013",3.5
Rio Caribe,3.5
Carenero Superior,3.5
"Aragua, Trincheras",3.5
Malgascio,3.5
Arawak,3.5
Latino,3.5
Bahia Superior,3.5
Esmeraldas,3.5
Carenero Superior,3.5
Rio Arriba,3.5
Camahogne,3.5
Bittersweet,3.5
Papua New Guinea,3.5
ROIG,3.5
Porcelana,3.5
Oscuro,3.5
Wild Bolivia,3.5
Kokoa Kamili Coop,3.5
"Oko Caribe, DOR005",3.5
Akesson's Estate,3.5
"Papua New Guinea, triple roast, batch 1",3.5
"Ecuador, Batch 1",3.5
Wasatch,3.5
"Oko Caribe, Duarte P., Collab w Chocosol",3.5
"Sambirano Valley, Black Science, B-60307.0",3.5
"Bahia Black, batch bra50722.1",3.5
CSB Chama,3.5
"La Tronca, Matagalpa",3.5
"Camino Verde P., Balao, Guayas",3.5
Cahabon Region,3.5
Eastern Promises,3.5
Papua New Guinea,3.5
"Alto Beni, Wild Bolivian",3.5
Chuao,3.5
Africa,3.5
Papua New Guinea,3.5
"Hawaiian, Big Island",3.5
Madagascar,3.5
Venezuela,3.5
Tanzania,3.5
Ecuador,3.5
"Dominican Republic, lot D82R",3.5
"Ecuador, Midnight Dark",3.5
"Ecuador, Twilght Dark",3.5
"Fazenda Sempre Firme, Bahia",3.5
Porcelana,3.5
"Autumn, Primary Harvest, 2012",3.5
"Spring, Secondary Harvest, 2012",3.5
Presidio,3.5
"Bahia, Floresta Azul,Good Friends Reserve#3",3.5
Oko Caribe,3.5
Madagascar,3.5
"Ambanja, Tsara Valley",3.5
"Cedeno, lot 271",3.5
Madagascar,3.5
"Andoa, Grand Cru blend",3.5
"Loma Sotavento, 2013",3.5
Nyangbo,3.5
"Sambirano, Ampamakia 2005, Millot P.",3.5
Trinidad,3.5
Mindo,3.5
"Ben Tre, Mekong Delta, MoCay",3.5
Conacado,3.5
"Piura Blanco, Norandino",3.5
Hacienda Las Trincheras,3.5
"Wild Beniano, 2016, batch 128, Heirloom",3.5
Gran Couva,3.5
La Red,3.5
"Belize, Batch 2",3.5
"Millot P., Ambanja",3.5
"Kakao Kamili, Kilombero Valley",3.5
"San Juan Estate, Gran Couva",3.5
Alto Beni,3.5
Tokiala,3.5
"Bocas del Toro, Cocabo Co-op",3.5
Amazonas Frucht,3.5
"Satipo Pangoa region, 20hr conche",3.5
"Indianer, Raw",3.5
Kerala State,3.5
Brazil,3.25
Papua New Guinea,3.25
Piura,3.25
"Vanua Levu, Toto-A",3.25
Bolivia,3.25
Peru,3.25
"LamasdelChanka, San Martin, Oro Verde coop",3.25
Madagascar,3.25
Dominican Republic,3.25
Papua New Guinea,3.25
Venezuela,3.25
Catongo,3.25
Hacienda Victoria,3.25
Costa Esmeraldas,3.25
Matasawalevu,3.25
Lam Dong,3.25
Guatemala,3.25
"Trinidad, Heritage, Limited ed.",3.25
Costa Rica,3.25
Ba Ria Vung Tau Province,3.25
Dominican Republic,3.25
Houseblend,3.25
Duarte Province,3.25
Ecuador,3.25
"Serian E., NW Borneo, b. #134/3800",3.25
"Alto Beni, Palos Blanco",3.25
"Carenero S., Barlovento, Grand Cru",3.25
"Porcelana, Premier Cru, Quizas No. 1",3.25
Belize,3.25
"Bali, Singaraja",3.25
Sambirano,3.25
"Los Colorados, Santo Domingo, Equateur",3.25
Gabon,3.25
Jamaique,3.25
"El Oro, Hacienda de Oro",3.25
"Camino Verde, Guayas",3.25
Elvesia P.,3.25
Maya Mountain,3.25
Ambolikapkly P.,3.25
Ecuador,3.25
Trinidad,3.25
Belize,3.25
Blend,3.25
Rio Caribe,3.25
Macuare; Miranda; Chloe formula,3.25
Hacienda la Trinidad,3.25
Arauca,3.25
"Dominican Republic, rustic",3.25
Grenada,3.25
Peru,3.25
Piura,3.25
Brazil,3.25
Los Rios,3.25
"Talamanca, Raul-Kekoldo community",3.25
Tumaco,3.25
Cordoba,3.25
"Guaniamo, Amazonas",3.25
Nicaragua,3.25
Maya Mtn,3.25
Ecuador,3.25
Maya Mountain,3.25
Ecuador,3.25
Tres Hombres,3.25
Madagascar,3.25
"Chiapas, Lacandon Jungle, Oaxacom Mtn",3.25
Xoconusco,3.25
Kendari,3.25
Tarakan,3.25
"Chiapas, Lacandon Jungle, Oaxacom Mtn",3.25
Sur del Lago,3.25
Moxos,3.25
"Ecuador, Puristique",3.25
Grenada,3.25
Jamaica,3.25
Ocumare 61,3.25
"Porcelana, Apotequil",3.25
"Tanzania, batch a1",3.25
"Bahia, batch a1213",3.25
"Namau Village, N. Taileva P., batch a2812",3.25
Vanuatu,3.25
"heirloom, Arriba Nacional",3.25
"Daintree Estates, N. Queensland",3.25
Patanemo,3.25
Colombian,3.25
Dominican Republic,3.25
Madagascar,3.25
Tanzania,3.25
Los Ujuxtes,3.25
"Oscuro, Finca Chimelb",3.25
Las Acacias E.,3.25
"DUO, batch 002",3.25
Bolivia,3.25
Ocumare,3.25
Ecuador,3.25
West Africa,3.25
"Ecuador, Choc. Garage Exclusive",3.25
Ecuador,3.25
"Panama, Raven",3.25
"Puerto Cabello, Mantuano",3.25
"Ocumare 61, Puertomar",3.25
Granella,3.25
Apurimac,3.25
"Nicaliso, Xoco",3.25
Dominican Republic,3.25
Taino Secret,3.25
"Carenero, Empyrean Sabor",3.25
Peru,3.25
Tumaco,3.25
Arauca,3.25
Emerald Estate,3.25
"Wampusirpi, batch 007",3.25
Terreiro Velho P.,3.25
Ben Tre,3.25
Ba Lai,3.25
Dominican Republic,3.25
Matagalpa,3.25
"Conacado, #223, MR, SC",3.25
"Jamaica, #209, DR, SC",3.25
"Conacado, #213, DR, -C",3.25
"Chuao, #218, MR, MC",3.25
"Jamaica, #205, DR, MC",3.25
La Dalia,3.25
"Barba, Xoco",3.25
"Chuno, triple turned, Xoco",3.25
"Red Mayan, Xoco",3.25
"Chuno, double turned, Xoco",3.25
"Johe, Xoco",3.25
Signature Blend,3.25
Akesson P.,3.25
"El Carmen, batch 1003",3.25
"Asochivite, batch 1005",3.25
Grenada,3.25
Blend,3.25
Jamaica,3.25
Lever du Soleil,3.25
Onyx,3.25
Dominican Republic,3.25
Sharkey,3.25
"Vale do Juliana, w/ nibs",3.25
"Maya Mtn, Moho R., Toledo D., 2015",3.25
Ecuador,3.25
Peru,3.25
Conacado,3.25
Arriba,3.25
"Island Growers, 96hr c.",3.25
"Ocumare, Cumboto",3.25
"Choroni, Finca Torres, 48hr c.",3.25
La Red,3.25
Belize,3.25
Dominican Republic,3.25
"Rizek Cacao, Domin. Rep.",3.25
"Rizek Cacao, Domin. Rep.",3.25
Sambirano Valley,3.25
Belize,3.25
Elvesia,3.25
ROIG,3.25
"Kafupbo, Petit Bourg, De Borgnes",3.25
Peru,3.25
Grenada,3.25
Tobago,3.25
"Acarigua, w/ nibs",3.25
Akosombo,3.25
Vinces,3.25
"Peru, Batch 51/100",3.25
"Bahia, Batch 148",3.25
"Maya Mtn, Batch 18, Heirloom",3.25
Liberia,3.25
Beniamo,3.25
"La Red, Guaconejo",3.25
"Haleiwa E, O'ahu, 2014",3.25
"Hamakua Coast, Kokoleka",3.25
"Criollo, Hawaii",3.25
Cuba,3.25
"Liberia, #174",3.25
"Oahu, Winward, #151, Maunawili district",3.25
Grand Cru Dominican Republic,3.25
Grand Cru Ecuador,3.25
"Ben Tre, Surprise Valley",3.25
Cacao Nib Crunch,3.25
"Tan Phu Dong Island, Heart of Darkness",3.25
Nigeria,3.25
Tumaco,3.25
Tanzania,3.25
Conacado,3.25
"Dominican Republic, Coop",3.25
Maya Mountain,3.25
Elvesia,3.25
Tumbes,3.25
Honduras,3.25
"La Tronca, Matagalpa",3.25
Kokoa Kamili,3.25
Belize,3.25
"Toledo District, w/ nibs",3.25
Peru,3.25
Oscuro,3.25
Papaua New Guinea,3.25
Manabi,3.25
Nicaragua,3.25
Maranon Canyon,3.25
"Punta Galera, cacao Nacional, gold label",3.25
"PNG, Voodoo",3.25
"Grand Cru Blend No.1, 5 yr. Anniversary Ed",3.25
"Alto Beni, Wild Harvest, Itenez R., 60hr c.",3.25
Garaua,3.25
"Silvestre, La Paz, Beni",3.25
"San Juan Estate, Gran Couva",3.25
Kilombero Valley,3.25
"Haut Penja, w/ nibs",3.25
Trinite,3.25
Rugoso,3.25
Akesson Estate,3.25
"\"Camino Verde P., Balao, Guayas, \"\"Fruity\"\"\"",3.25
Peru,3.25
"Porcelana, S. of Lake Maracaibo",3.25
Ghana,3.25
"Akessons Estate, Sambirano, Ambanja",3.25
Brazil,3.25
Brazil,3.25
Brazil,3.25
Madagascar,3.25
"Chulucanas, Batch 1",3.25
Piura,3.25
Esmeraldas,3.25
"Camino Verde P., 2012, Balao, Guayas",3.25
"La Dorado, light roast",3.25
"Tapanti, light roast",3.25
Maleku,3.25
Madagascar,3.25
Madagascar w/ nibs,3.25
"Tranquilidad, Batch 1",3.25
Twilight,3.25
Jamaica,3.25
"Belize, 2013",3.25
Tingo Maria,3.25
Oro,3.25
"Trintade, Sao Tome",3.25
"Bahia, Scavina",3.25
"Lachua w/ maple sugar, batch 5",3.25
Pisa,3.25
"Chimelb, Lanquin, Alta Verapaz, b-GUA001",3.25
Akesson's Estate,3.25
Ecuador,3.25
Solomon Island,3.25
Solomon Island w/ nibs,3.25
Bolivia,3.25
San Martin,3.25
"Camino Verde, Black S., batch cvu6030.0",3.25
La Dalia,3.25
Little Big Man,3.25
Java,3.25
Chef's Blend,3.25
Orinoco,3.25
Noula Coop,3.25
Nicaragua,3.25
Dominican Republic,3.25
Ecuador,3.25
Papua New Guinea,3.25
AgroCriso Plantation,3.25
India,3.25
Moho Valley,3.25
Nacional,3.25
Baracoa,3.25
Ambolikapiky,3.25
"Ben Tre, Mekong Delta",3.25
Cacao Blanco,3.25
Santo Domingo,3.25
Millot Plantation,3.25
Papua,3.25
Vietnam,3.25
"Paramaribo, batch 20160043-01",3.25
Alto Beni,3.25
Peru- Ecuador,3.25
"La Bahia, w/ cane juice",3.25
"La Bahia, w/ cane sugar",3.25
Espada,3.25
San Jose,3.25
Ecuador,3.25
Ecuador,3.25
Congo w/ nibs,3.25
"Piura Select, Cacao Blanc",3.25
Manabi,3.25
Dominican Republic,3.25
"Tanzania, Party Bar",3.25
"Sur del Lago, Merida",3.25
Caraque,3.25
"Porcelana, Maracaibo, Palmira P. 2006",3.25
Madagascar,3.25
Palos Blancos,3.25
Palos Blancos + nibs,3.25
Dominican Republic,3.25
Classic,3.25
Peru,3.25
Tumbes,3.25
Rio Caribe,3.25
"Camino Verde P., Balao, Guayas",3.25
Sambirano,3.25
"Dominican Republic, Batch D2",3.25
"Madagascar, Batch 2",3.25
"Peru, Batch 1",3.25
Goddess Blend,3.25
El Ceibo Coop,3.25
"Kongo, Highlands",3.25
Kerala State,3.25
Atsane,3.0
Madagascar,3.0
Birmanie,3.0
"Los Rios, Quevedo, Arriba",3.0
Tabasco,3.0
Madagascar,3.0
Acopagro,3.0
Conacado,3.0
Bolivia,3.0
Chuao,3.0
Montanya,3.0
Cuyagua,3.0
Ghana,3.0
Ghana,3.0
Belize,3.0
Ecuador,3.0
Jamaica,3.0
Elvesia,3.0
Madagascar,3.0
Trincheras,3.0
Madagascar,3.0
Peru,3.0
San Jose del Tambo,3.0
Sambirano,3.0
"Asajaya E, NW Borneo, b. #132/4500",3.0
Belize south,3.0
Madagascar,3.0
Maracaibo,3.0
"Sambirano, 2009",3.0
"Ocumare, prototype",3.0
Puerto Plata,3.0
Sambirano,3.0
Ankasa,3.0
Matiguas,3.0
Zorzal Reserva,3.0
Ivory Coast,3.0
"Porcelana, Tabasco, Marfil de Blanco",3.0
"Xoconusco, cacao Real",3.0
Ceylan,3.0
Cooproagro,3.0
Elvesia P.,3.0
Jamaica,3.0
Somia Plantation,3.0
Santo Domingo,3.0
Mexico,3.0
"Dominican Republicm, rustic",3.0
Madagascar,3.0
Dominican Republic,3.0
Venezuela,3.0
"Porcelana, Batch 5163",3.0
Bolivia,3.0
Manabi,3.0
Costa Rica,3.0
Arauca,3.0
Bolivia,3.0
Guaniamo,3.0
Bolivia,3.0
Los Rios,3.0
Maya Mountain w/ nibs,3.0
Dominican Republic,3.0
Dominican Republic,3.0
Ocumare,3.0
Patanemo,3.0
Maragda,3.0
Brazilian,3.0
Brazilian,3.0
Ocumare,3.0
Choroni,3.0
Terreiro Velho P. w/ sugar crystals,3.0
Sambirano,3.0
Chuao,3.0
Trinidad,3.0
"Porcelana, Apotequil",3.0
"Porcelana, Tabasco, Mexico",3.0
"Porcelana, Venezuela",3.0
"Sambirano, Menava P.",3.0
Robson Estate,3.0
"Maya Mtn., Break Bar- Snark",3.0
Upala,3.0
Chuao,3.0
Las Acacias E.,3.0
Vietnam,3.0
Madagascar,3.0
Tanzania,3.0
"Sambirano Valley, batch 2477",3.0
Costa Rica,3.0
Ecuador,3.0
Ghana,3.0
Papua New Guinea,3.0
Peru,3.0
Papua New Guinea,3.0
Sambirano,3.0
La Red,3.0
Puerto Cabello,3.0
Africa,3.0
"IL100, H. San Jose",3.0
"Chuao, Hacienda San Jose",3.0
"Carupano, H. San Jose",3.0
Teyuna,3.0
Sur del Lago Classificado,3.0
"Bocas del Toro, Tierra Oscura",3.0
Porcelana,3.0
"Rio Caribe, Macuro",3.0
"Carenero Superior, Mijao",3.0
Patanemo,3.0
Ham Luong,3.0
Ocumare,3.0
Belize,3.0
Blue Mountain,3.0
Elvesia P.,3.0
"Madagascar, Grand Cru",3.0
Maracaibo Clasificado,3.0
Dominican Republic,3.0
Vietnam,3.0
San Andres,3.0
"Maranon, #228, MR, SC",3.0
"Markham Valley, #222, LR, 0C",3.0
"Sambirano Valley, #215, MR, MC",3.0
"Jamaica, #206, DR, LC",3.0
La Dalia,3.0
Maranon,3.0
Camino Verde,3.0
Costa Rica,3.0
Bahia,3.0
"Ben Tre, Dong Nai",3.0
Arriba,3.0
Ghana,3.0
Trinidad & Tobago,3.0
Lacri Blend,3.0
Trinidad,3.0
"O'ahu, N. Shore, Waialua E., Kakoleka",3.0
Nocturne,3.0
Machu Pichu,3.0
Special Maker Reserve,3.0
Chucuri,3.0
Semisweet,3.0
Africa meets Latina,3.0
Amazonas,3.0
Don Homero- Cerecita Valley,3.0
South America and Africa,3.0
Brazil Blend,3.0
"Wild Beni, Lower Rio Beni, Tranquilidad, 2014",3.0
Madagascar,3.0
Venezuela,3.0
Arriba,3.0
Trinidad,3.0
"Los Rios, H. Iara",3.0
"Somia Plantation, Akesson, 2012",3.0
"Los Rios, H. Iara, 96hr c.",3.0
"Island Growers, 120hr c.",3.0
Santo Domingo,3.0
St. Lucia,3.0
Uba Budo,3.0
Bolivia,3.0
"Bolivia, Bo-nib-ia, w/ nibs",3.0
Momotombo,3.0
Honduras,3.0
black label,3.0
"Rizek Cacao, Domin. Rep.",3.0
Sisa 36hr/ W. F. blend prototype,3.0
Diego 60hr/ W.F. blend prototype,3.0
Cacao Nacional W.F.,3.0
"La Red, Guanconjeco",3.0
Belize,3.0
Hispaniola,3.0
Madagascar,3.0
Venzuela,3.0
Bolivian,3.0
"Tumbes, 2013 Harvest, Batch 8",3.0
"Belize, 2014 Harvest, Batch 9",3.0
Kuruba,3.0
"Cuba, Batch 59/100",3.0
"Ivory Coast, Batch 56/100",3.0
Carenero Superior,3.0
Rio Caribe,3.0
Blend,3.0
San Andres,3.0
Madagascar,3.0
"The Other One, Grand Cru",3.0
Excellence (US Version),3.0
"Opaeula Estate, O'ahu, Nene, CG Exclusive",3.0
"Opaeula Estate, O'ahu, Ele'ele",3.0
Macondo,3.0
Misterio,3.0
Ecuador,3.0
Chuao,3.0
Piura,3.0
"Kakoa Kamili, Both Man & Bird & Beast",3.0
Piura,3.0
San Martin,3.0
Tien Giang,3.0
"Matina 1-6, prototype",3.0
Ivory Coast,3.0
Pisa,3.0
Guatemala,3.0
"Chuao, Med. Roast",3.0
"Chuao, Dark Roast",3.0
San Martin,3.0
Ocumare de la Costa,3.0
Hispaniola,3.0
Belize,3.0
"Nicaragua, w/ inbs",3.0
El Salvador,3.0
"Fazenda Sempre Firme P., Bahia",3.0
Tamarina,3.0
Toledo District,3.0
La Red,3.0
"Tien Giang, batch 1 SRB",3.0
"Costa Rica, Oscuro",3.0
Barinas,3.0
Ocumare,3.0
"Ambanja, Sambirano Valley",3.0
Tumbes,3.0
Ghana,3.0
Moho Valley,3.0
Venezuela,3.0
Ecuador,3.0
"La Patriota, cacao Indio, purple label",3.0
"Canoabo, 2013",3.0
"PNG, Revolution",3.0
Tanzania,3.0
Dominican Republic prototype,3.0
Ghana prototype,3.0
Dark 75,3.0
Carribean-Raw,3.0
Papua New Guinea,3.0
Caribe,3.0
Mindo,3.0
"D.R. Congo, Cru Virunga",3.0
"\"Piura, Apotequil, \"\"Porcelana\"\" 72hr c.\"",3.0
"Hawai'i, Kona Grand Cru E.",3.0
"Hawai'i, Kona Estate Grown",3.0
Peru,3.0
Peru,3.0
Los Rios,3.0
Maya Mtn,3.0
Matasawalevu,3.0
Alto Beni,3.0
Dominican Republic,3.0
Chuao,3.0
"Peru, Las Pampas P.",3.0
"Bahia Brazil, Fazenda Sao Pedro",3.0
"Porcelana, Tabasco, Finca La Joya",3.0
"Kendem Lembu, Java",3.0
"Upala, Batch 18",3.0
Papouasie,3.0
"Sambirano Valley, Le 100%",3.0
"Monte Alegre (Itacare), Brazil",3.0
Equateur,3.0
Vanuatu,3.0
Cuba,3.0
"Caracas, Venezuela and Ghana",3.0
Guantupi River,3.0
Brazil,3.0
"Uranga, Lot 22032016",3.0
Amazon Basin Blend,3.0
Ecuador,3.0
Manabi,3.0
"Maranon, Cajamarca",3.0
"Silvestre, Batch 1, 2011",3.0
Trinidad,3.0
Samana,3.0
Colombian w/ nibs,3.0
Colombian,3.0
Finisterra,3.0
Las Islas,3.0
Nibby,3.0
Antilles (Trin/Gren/DR/Ven),3.0
Semisweet,3.0
Ecuador,3.0
Maya Belize,3.0
"Porcelana, Colombia, Amazonas",3.0
"Somia Plantation, 2012",3.0
"Camino Verde P., Balao, Guayas, 2012",3.0
Lachua w/ cane sugar,3.0
Nicaragua,3.0
Tien Giang,3.0
"Maranon, batch 2",3.0
Madagascar,3.0
Madagascar,3.0
Bundibugyo,3.0
Sambirano,3.0
Amazonas,3.0
Hispaniola,3.0
Conacado,3.0
AgroCriso Plantation,3.0
AgroCriso Plantation,3.0
Alto Beni,3.0
Dominican Republic,3.0
"Bolivar, Arriba",3.0
Hispaniola,3.0
Cacao Verapaz,3.0
Rio Tuma,3.0
Sambirano Valley,3.0
Peru,3.0
Venezuela,3.0
Crudo,3.0
Peru,3.0
Colombia,3.0
Belize,3.0
"Dark, Stone Ground",3.0
TCHOPro 68,3.0
Bayou Blend,3.0
Aranama,3.0
Capistrano*,3.0
Concepcion*,3.0
Peru,3.0
"Ghana, Kumasi",3.0
"Ghana, Panama, Ecuador",3.0
"Wild Bolivian, Jungle Love",3.0
Dominican Republic,3.0
Conacado,3.0
Peru,3.0
Nourish,3.0
"Madagascar, Sassy Bar",3.0
Araguani,3.0
Caraibe,3.0
"Porcelana, Maracaibo, Palmira P. 2005",3.0
Madagascar,3.0
Madagascar w/ nibs,3.0
San Martin,3.0
"Los Rios, Rancho Grande 2004/2007",3.0
"Los Rios, Rancho Grande 2007",3.0
Moho River Valley,3.0
Cuyagua,3.0
Dominican Republic,3.0
Los Llanos,3.0
Sambirano,3.0
San Martin,3.0
"Guasare, Zulia Prov., 2015, batch 124",3.0
"Maranon, Cajamarca",3.0
Costa Rica,3.0
Hispaniola,3.0
"Papua New Guinea, Batch 2",3.0
"House Blend, Batch 2",3.0
"Kakao Kamili, Kilombero Valley",3.0
"Satipo Pangoa region, 16hr conche",3.0
El Oro,3.0
Huiwani Coop,3.0
Congo,3.0
"Brazil, Mitzi Blue",3.0
Kpime,2.75
Carenero,2.75
Panama,2.75
Colombie,2.75
Vanua Levu,2.75
"Los Rios, Quevedo, Arriba",2.75
"Madagascar, Ambolikapiky P.",2.75
"Monte Alegre, D. Badero",2.75
Trinite,2.75
Vietnam,2.75
Momotombo,2.75
Gruppo Salinas,2.75
"Bali, Jembrana",2.75
Ecuador,2.75
Ecuador,2.75
"Monte Alegre, 3 diff. plantations",2.75
Equateur,2.75
Fazenda Camboa,2.75
Panama,2.75
Java,2.75
"Orinoqua Region, Arauca",2.75
"Bambamarca, 2015",2.75
single estate,2.75
"Brazil, Batch 20316",2.75
"Dominican Republic, Batch 31616",2.75
"Ecuador, Batch 31516",2.75
Ecuador,2.75
Costa Rica,2.75
Papua New Guinea,2.75
Peru,2.75
"Belize south, low fermentation",2.75
Nature,2.75
"Bali, Singaraja",2.75
La Red,2.75
Carenero Superior,2.75
Blue Mountain Region,2.75
Organic Dark,2.75
Lachua,2.75
"Porcelana, Apotequil",2.75
Maya Mountain,2.75
Conacado,2.75
Ambolikapiky P.,2.75
Gran Couva,2.75
Dominican Republic,2.75
Dominican Republic w/ nibs,2.75
"Boyaca, Aprocampa Coop, Pauna",2.75
Grenade,2.75
Tanzania,2.75
Los Rios,2.75
Costa Rica,2.75
Elvesia P.,2.75
Tumbes,2.75
Peru,2.75
Venezuela,2.75
Equateur,2.75
Uganda,2.75
Arriba,2.75
"Mekong Delta, early 2014 Harvest",2.75
Peru + nibs,2.75
Uganda,2.75
Nicaragua,2.75
Peru,2.75
Peru,2.75
"Porcelana, Tabasco",2.75
Guadeloupe,2.75
Chuao,2.75
Carenero Superior,2.75
Esmeraldas,2.75
"Tien Giang, 2015, batch 10-2-16",2.75
"Vanuatu, batch 2410",2.75
Goodman Estate,2.75
"Dominican Republic, batch 7",2.75
O'Payo,2.75
Buto,2.75
"Cumboto, farmer Jose Lugo",2.75
"Venezuela, batch 122",2.75
Rainforest,2.75
Venezuela,2.75
Bolivian,2.75
Bolivia,2.75
Belize,2.75
Sambirano,2.75
Mantuano,2.75
Non Pariel Estate,2.75
"Colombia, Batch 9",2.75
"Madagascar, Batch 8",2.75
Madagascar,2.75
"Maranon, Good & Evil, w/ nibs",2.75
Alto Beni,2.75
"Rio Caribe, Cariaco",2.75
"Carenero Superior, Gran Saman",2.75
Emerald Estate,2.75
Rio Caribe,2.75
"Carenero, Guapiles, Ocumare blend",2.75
Red Vanilla,2.75
"Monte Alegre, D. Badaro, Raw, Organic",2.75
Maya Mountain,2.75
Rio Eni,2.75
Dominican Republic,2.75
Puerto Rico,2.75
"Akesson's E., Sambirano V.",2.75
"Ghana, #211, MR, MC",2.75
"Sambirano Valley, #214, LR, MC",2.75
"Jamaica, #204, DR, SC",2.75
"Almendra Blanca, batch 1004",2.75
Grenada,2.75
Haiti,2.75
Nicaragua,2.75
Coucher du Soleil,2.75
Papua New Guinea,2.75
Campesino w/ nibs,2.75
Downtown London,2.75
Don Homero- Cerecita Valley,2.75
Peru,2.75
Uganda,2.75
Tanzania,2.75
Akesson's Estate,2.75
Carenero Superior,2.75
Maranon,2.75
Hispaniola,2.75
"Pepiniere, single Cote",2.75
"Chanchamayo, Pichanadi, 2012, 60hr c.",2.75
"Conacado, 2012, 120hr c.",2.75
Ecuador,2.75
Chuao,2.75
Tanzania,2.75
"Conacado, Manifesto",2.75
"Satipo region, white label",2.75
"Elvesia P., Batch 32",2.75
Madagascar,2.75
Roberto,2.75
Diego 48hr/ W.F. blend prototype,2.75
Noir,2.75
Ecuador,2.75
Ocumare,2.75
"Maranon, Fortunato No. 4",2.75
"Cuana, 2013",2.75
"Madagascar, Batch 59/100",2.75
"Vietnam, Batch 50/100",2.75
Cuba,2.75
Trinidad-Tobago,2.75
Purple Haze,2.75
Selva,2.75
Puerto Rico,2.75
"Choobua, Kona",2.75
"Xocunusco, Chiapas, Pichucalco",2.75
Upala,2.75
"Chiapas, Triple Cacao",2.75
Sambirano 2006,2.75
"O'ahu, N. Shore, Waialua Estate",2.75
Venezuela,2.75
Colombia,2.75
"Hamakua, Hawaiian Crown, #176",2.75
"San Juan Estate, Cherry Blossoms at Night",2.75
Colombia,2.75
Cusco,2.75
Alto Beni,2.75
Chuao,2.75
"Chuao, Light Roast",2.75
Papua New Guinea,2.75
Patanemo,2.75
Venezuela,2.75
El Salvador,2.75
Ecuador,2.75
Ecuador,2.75
"Umoho R., Toledo District, San Felipe",2.75
Indonesia,2.75
Matagalpa,2.75
Mombacho,2.75
"Kokoa Kamili, batch 1 SRB",2.75
"Oko Caribe, batch 1 SRB",2.75
"Ambanja, batch 1 SRB",2.75
Chuao,2.75
Sao Tome,2.75
Elvesia P.,2.75
Peru,2.75
"La Dalia, Matagalpa,cacao Bisesto,green label",2.75
"Ecuador, 2013",2.75
Sang Yum Coop,2.75
"PNG, Devotion",2.75
"San Juan Estate, Gran Couva",2.75
Dark 67,2.75
Carribean,2.75
Carribean,2.75
Ghana,2.75
Maya Mountain,2.75
La Red,2.75
Nicaraqua,2.75
Papua Kerafat,2.75
"Ecuador, raw",2.75
Manabi,2.75
Lachua,2.75
"Alto Beni, Palos Blancos",2.75
"Camino Verde P., Balao, Guayas",2.75
Peru,2.75
"Madagascar, w/ shell",2.75
Johe,2.75
Chuno,2.75
Nicalizo,2.75
Peru,2.75
"San Martin, Amazonian Highlands",2.75
Honduras,2.75
"Patanemo Vil., Carabobo State, Tisano family",2.75
Guantupi River,2.75
Venezuela,2.75
Brazil,2.75
"Mexico, Lot 28022016",2.75
Virunga,2.75
Suchitepequez E.,2.75
"Hispaniola, 2008",2.75
Jamaica,2.75
"Sambirano, 2008",2.75
Principe,2.75
Midnight,2.75
Colombian 2008,2.75
Sao Tome,2.75
Dominican Republic,2.75
Grenada,2.75
Cuyagua,2.75
Ghana,2.75
Bolivia,2.75
"Maranon, Fortunato No. 4",2.75
"Castillo, Hispaniola, unroasted",2.75
"Apurimac, El Quinacho Co-op",2.75
"Grenada, Black Science",2.75
Peru,2.75
Malekula Island,2.75
"Bahia, Agri-Forestal Plantation, 2010",2.75
"Samar, East Visayas region",2.75
Sambirano,2.75
Venezuela,2.75
Sri Lanka,2.75
Costa Rica,2.75
Dominican Republic,2.75
Trinidad,2.75
Chiapan,2.75
TCHOPro 60.5,2.75
Citrus-beta,2.75
Concepcion,2.75
San Jose,2.75
Espada,2.75
Peru,2.75
Venezuela,2.75
Oko Caribe,2.75
Dominican Republic,2.75
Matagalpa,2.75
Le Noir Amer,2.75
Napa,2.75
Madagascar,2.75
Madagascar,2.75
Madagascar,2.75
Sambirano Valley,2.75
Cahabon,2.75
Amazonas,2.75
Amazonas w/ nibs,2.75
"Sambirano, batch 170102",2.75
UNOCACE,2.75
San Juan Estate,2.75
Raw,2.75
Chuao,2.5
"Piura, Perou",2.5
CIAAB Coop,2.5
Villa Andina,2.5
Sur del Lago,2.5
Chiapas,2.5
"Ocumare, Venezuela",2.5
Xoconusco,2.5
Bahia,2.5
Houseblend,2.5
"Nicaragua, American style",2.5
"San Andres, American style",2.5
"San Andres, silk",2.5
Equateur,2.5
"Ecuador, Bob Bar",2.5
Puerto Rico,2.5
Tumbes,2.5
"\"Dominican Republic, \"\"Love Bar\"\"\"",2.5
Agua Fria; Sucre region,2.5
Bolivar,2.5
Cuba,2.5
Trinidad,2.5
Porcelana,2.5
Manabi,2.5
San Martin,2.5
Ecuador,2.5
Peru,2.5
Dominican Republic,2.5
"\"Tumbes, \"\"Zarumilla\"\"\"",2.5
"Philly Blend, 5 plantations",2.5
Wild Bolivian,2.5
Ecuador,2.5
Xoconusco,2.5
"Bolivar, Guaranda",2.5
Guyave,2.5
Tabasco,2.5
Tabasco,2.5
Ocumare,2.5
"Los Rios, H. Iara",2.5
New Ireland,2.5
Ghana,2.5
Bundibugyo District,2.5
Madagascar,2.5
"Kilombero, batch 41",2.5
"Rio Caribe, Batch 7",2.5
Star of Ecuador,2.5
"Carenero Superior, Apamate",2.5
"Carenero Superior, Bucare",2.5
"Peru, Madagascar",2.5
Trinidad,2.5
Porcelana,2.5
"Venezuela, Trinidad",2.5
Cuyagua,2.5
Dominican Republic,2.5
Tumbes Coop,2.5
Peru,2.5
"Kaua'I, Alea Estate +world",2.5
Dark,2.5
Grenada,2.5
Sur del Lago,2.5
Arriba,2.5
Manabi,2.5
Ivory Coast,2.5
"Ecuador, w/ nibs",2.5
"Los Rios, H. Iara, 2012, 120hr c.",2.5
Uganda,2.5
India (south),2.5
Peru,2.5
Diego/ original micro,2.5
Cacao Nacional W.F.,2.5
San Martin,2.5
Uganda,2.5
Ecuador,2.5
"Lumas, 2015 Harvest, Batch 7",2.5
Peruvian Amazon,2.5
Tanzania,2.5
Puerto Rico,2.5
Dominican,2.5
Ecuador,2.5
Peru,2.5
Dominican Republic,2.5
Madagascar,2.5
Bolivia,2.5
Madagascar,2.5
Madagascar,2.5
La Red,2.5
"Balinese, Java",2.5
Ecuador,2.5
Tumaco,2.5
"Costa Rica, Oscuro",2.5
Grenada,2.5
Hispaniola,2.5
Madagascar,2.5
Papua New Guinea,2.5
Jamaica,2.5
Esmeraldas,2.5
Peru,2.5
Wampusirpi Region,2.5
Tenor,2.5
Namau Village,2.5
"La Red, 2011",2.5
"San Martin, Batch 2",2.5
Raw,2.5
"Los Rios, Vinces",2.5
Sur del Lago,2.5
"Sambirano, Akesson Estate",2.5
Porcelana,2.5
"Hilo, w/ added cocoa butter",2.5
Peru,2.5
"Samar, East Visayas region",2.5
"Samar, East Visayas region",2.5
Peru,2.5
"Chiapas, Lacandon Jungle",2.5
Chocolatey-beta,2.5
Fruity-beta,2.5
Nutty-beta,2.5
Ivory Coast,2.5
Palos Blancos,2.5
Abinao,2.5
Gran Couva 2005 P.,2.5
Manhattan,2.5
Peru,2.5
Ocumare,2.5
Ghana,2.5
Amazonas,2.5
Ecuador,2.5
"Hispaniola, batch 170104",2.5
Patanemo,2.25
Sao Tome,2.25
Crayfish Bay aka Non Pariel Estate,2.25
Puerto Rico,2.25
Peru,2.25
"Lumas, 2015 Harvest, Batch 6, brown sugar",2.25
Peru,2.25
Dominican Republic,2.25
Peru,2.25
Patanemo,2.25
"Madagascar, w/ shell",2.25
"Rio Caribe Superior, Paria Penninsula",2.25
Dominican Republic,2.25
"Java, Indonesian Black",2.25
Tanzania,2.0
Venezuela,2.0
Esmeraldas,2.0
Guapiles,2.0
Supremo- SF,2.0
"Palo Blanco w/ panela, Chulucanas",2.0
one hundred,2.0
Arriba,2.0
Trinatario Treasure,2.0
Dark,2.0
Nicaragua,2.0
Africa,2.0
Ecuador,2.0
Carre Amer,2.0
Carre Grand Noir,2.0
Noir Infini,2.0
Alto Beni,2.0
West Africa,2.0
Carribean-Raw,2.0
Raw,2.0
Cuyagua,2.0
Dominican Republic-Organic,2.0
Colombian Semi Dark,2.0
Extra Dark,2.0
Kumasi Sambirano,2.0
Jamaica a l'ancienne,2.0
Hilo,2.0
West Africa,2.0
Capistrano,2.0
"Venezuela; Barinos, Merida, Tachron",2.0
"Los Rios, Rancho Grande 2004/2007",2.0
"Los Rios, Rancho Grande 2004/2007",2.0
Venezuela,1.75
Brazil Rio Doce,1.75
"Island Growers, 2012, 120hr c.",1.75
One Hundred,1.5
"El Oro, Hacienda de Oro",1.5
Pichincha,1.5
Ecuador Puristique,1.5
Noir,1.5
Peru,1.5
Houseblend,1.5
100 percent,1.5
Ghana,1.5
Le Noir Extra Amer,1.5
Baking,1.0
Principe,1.0
Sensations Intense,1.0
Dark,1.0
